{"proxies":{"ti.circularprogress.CircularProgressProxy":{"superPackageName":"org.appcelerator.titanium.proxy","methods":{"animateProgress":{"runOnUiThread":false,"hasInvocation":false,"args":[{"converter":"org.appcelerator.kroll.KrollConverter","defaultValueProvider":"org.appcelerator.kroll.KrollConverter","name":"options","sourceName":"options","type":"org.appcelerator.kroll.KrollDict"}],"apiName":"animateProgress","converter":"org.appcelerator.kroll.KrollConverter","defaultValueProvider":"org.appcelerator.kroll.KrollConverter","name":"__default_name__","returnType":"void"}},"dynamicProperties":{"progressValue":{"set":true,"nativeConverter":"org.appcelerator.kroll.KrollConverter","getMethodName":"getProgressValue","setMethodName":"setProgressValue","setMethodArgs":[{"converter":"org.appcelerator.kroll.KrollConverter","defaultValueProvider":"org.appcelerator.kroll.KrollConverter","name":"value","sourceName":"value","type":"int"}],"setDefaultProviders":["org.appcelerator.kroll.KrollConverter"],"converter":"org.appcelerator.kroll.KrollConverter","defaultValueProvider":"org.appcelerator.kroll.KrollConverter","retain":true,"javascriptConverter":"org.appcelerator.kroll.KrollConverter","getHasInvocation":false,"runOnUiThread":false,"getMethodArgs":[],"getReturnType":"int","setReturnType":"void","get":true,"name":"progressValue","setHasInvocation":false,"getDefaultProviders":[]}},"superProxyBindingClassName":"org.appcelerator.titanium.proxy.TiViewProxyBindingGen","proxyClassName":"CircularProgressProxy","proxyAttrs":{"propertyAccessors":[],"fullAPIName":"TiCircularprogress.CircularProgress","name":"CircularProgress","proxyClassName":"ti.circularprogress.CircularProgressProxy","isTopLevel":false,"id":"ti.circularprogress.CircularProgressProxy","creatableInModule":"ti.circularprogress.TiCircularprogressModule","parentModule":"org.appcelerator.kroll.annotations.Kroll.DEFAULT"},"packageName":"ti.circularprogress","sourceName":"ti.circularprogress.CircularProgressProxyBindingGen","isTitaniumSdk":false,"superProxyClassName":"TiViewProxy","isModule":false,"genClassName":"CircularProgressProxyBindingGen"},"ti.circularprogress.TiCircularprogressModule":{"superPackageName":"org.appcelerator.kroll","superProxyBindingClassName":"org.appcelerator.kroll.KrollModuleBindingGen","proxyClassName":"TiCircularprogressModule","proxyAttrs":{"propertyAccessors":[],"fullAPIName":"TiCircularprogress","name":"TiCircularprogress","proxyClassName":"ti.circularprogress.TiCircularprogressModule","isTopLevel":false,"id":"ti.circularprogress"},"packageName":"ti.circularprogress","sourceName":"ti.circularprogress.TiCircularprogressModuleBindingGen","isTitaniumSdk":false,"superProxyClassName":"KrollModule","isModule":true,"genClassName":"TiCircularprogressModuleBindingGen","onAppCreate":"onAppCreate"}},"modules":{"ti.circularprogress.TiCircularprogressModule":{"apiName":"TiCircularprogress","createProxies":[{"propertyAccessors":[],"fullAPIName":"TiCircularprogress.CircularProgress","name":"CircularProgress","proxyClassName":"ti.circularprogress.CircularProgressProxy","isTopLevel":false,"id":"ti.circularprogress.CircularProgressProxy","creatableInModule":"ti.circularprogress.TiCircularprogressModule","parentModule":"org.appcelerator.kroll.annotations.Kroll.DEFAULT"}]}}}